City_ID,City,Country,Date,Lat,Lng,Max Temp,Humidity,Cloudiness,Wind Speed,Current Description
0,Rikitea,PF,2022-07-01 21:12:12,-23.1203,-134.9692,71.82,74,77,14.23,light rain
1,High Level,CA,2022-07-01 21:12:12,58.5169,-117.136,69.67,26,21,5.64,few clouds
2,Ribeira Grande,PT,2022-07-01 21:12:13,38.5167,-28.7,72.0,68,40,6.91,scattered clouds
3,Hilo,US,2022-07-01 21:08:16,19.7297,-155.09,84.27,72,100,6.91,overcast clouds
4,Atuona,PF,2022-07-01 21:12:15,-9.8,-139.0333,77.29,72,4,8.84,clear sky
5,Nantucket,US,2022-07-01 21:12:15,41.2835,-70.0995,78.91,88,0,14.97,clear sky
6,Bengkulu,ID,2022-07-01 21:12:16,-3.8004,102.2655,72.32,86,82,5.99,broken clouds
7,Punta Arenas,CL,2022-07-01 21:12:16,-53.15,-70.9167,35.71,69,0,5.75,clear sky
8,Upernavik,GL,2022-07-01 21:08:53,72.7868,-56.1549,37.4,84,79,10.67,broken clouds
9,Ushuaia,AR,2022-07-01 21:09:23,-54.8,-68.3,35.26,69,75,2.3,broken clouds
10,Warrington,GB,2022-07-01 21:12:17,53.3925,-2.5802,58.95,87,75,11.5,light rain
11,Albany,US,2022-07-01 21:08:59,42.6001,-73.9662,92.79,41,57,3.0,broken clouds
12,Keuruu,FI,2022-07-01 21:12:17,62.2667,24.7,73.58,59,100,4.09,overcast clouds
13,Nikolskoye,RU,2022-07-01 21:12:18,59.7035,30.7861,67.91,68,97,5.14,overcast clouds
14,Pangody,RU,2022-07-01 21:12:18,65.85,74.4859,47.17,68,75,9.1,broken clouds
15,Tuatapere,NZ,2022-07-01 21:12:19,-46.1333,167.6833,43.16,91,47,5.3,scattered clouds
16,Tottori,JP,2022-07-01 21:12:19,35.5,134.2333,77.29,76,0,4.63,clear sky
17,Saint-Philippe,RE,2022-07-01 21:12:20,-21.3585,55.7679,67.59,71,94,14.74,overcast clouds
18,Yellowknife,CA,2022-07-01 21:12:21,62.456,-114.3525,68.63,31,99,11.14,overcast clouds
19,Ardesen,TR,2022-07-01 21:12:21,41.1911,40.9875,71.13,91,100,5.79,overcast clouds
20,Kapaa,US,2022-07-01 21:12:21,22.0752,-159.319,82.72,74,100,19.57,overcast clouds
21,Dalby,AU,2022-07-01 21:12:22,-27.1833,151.2667,56.98,99,100,1.01,moderate rain
22,Lac-Megantic,CA,2022-07-01 21:12:22,45.5834,-70.8823,80.51,47,100,7.96,overcast clouds
23,Bethel,US,2022-07-01 21:12:23,41.3712,-73.414,92.17,54,20,10.36,few clouds
24,Atar,MR,2022-07-01 21:12:23,20.5169,-13.0499,94.03,13,5,9.84,clear sky
25,Anju,KP,2022-07-01 21:12:24,39.6178,125.6647,70.7,96,100,3.8,overcast clouds
26,Duluth,US,2022-07-01 21:11:10,46.7833,-92.1066,78.3,37,0,23.02,clear sky
27,Busselton,AU,2022-07-01 21:12:24,-33.65,115.3333,47.77,78,0,5.86,clear sky
28,Lusaka,ZM,2022-07-01 21:12:25,-15.4067,28.2871,56.95,71,76,7.49,broken clouds
29,Hithadhoo,MV,2022-07-01 21:12:25,-0.6,73.0833,81.27,75,60,7.9,heavy intensity rain
30,Tasiilaq,GL,2022-07-01 21:12:26,65.6145,-37.6368,39.36,87,78,6.71,broken clouds
31,Puerto Ayora,EC,2022-07-01 21:12:26,-0.7393,-90.3518,78.76,83,43,5.99,scattered clouds
32,Aykhal,RU,2022-07-01 21:12:27,66.0,111.5,64.22,62,98,6.08,overcast clouds
33,Pacifica,US,2022-07-01 21:09:08,37.6138,-122.4869,78.22,79,20,18.41,mist
34,Mataura,NZ,2022-07-01 21:12:28,-46.1927,168.8643,42.48,96,85,3.24,overcast clouds
35,Margate,GB,2022-07-01 21:12:28,51.3813,1.3862,57.87,77,0,4.0,clear sky
36,Altamira,BR,2022-07-01 21:12:29,-3.2033,-52.2064,78.1,77,77,2.3,broken clouds
37,Jamestown,US,2022-07-01 21:12:29,42.097,-79.2353,84.52,61,40,9.22,scattered clouds
38,Bredasdorp,ZA,2022-07-01 21:12:29,-34.5322,20.0403,59.32,58,0,4.63,clear sky
39,Yar-Sale,RU,2022-07-01 21:12:30,66.8333,70.8333,48.78,71,55,12.64,broken clouds
40,Banda Aceh,ID,2022-07-01 21:12:31,5.5577,95.3222,78.82,82,100,13.8,light rain
41,Sawankhalok,TH,2022-07-01 21:12:31,17.316,99.8319,75.9,90,100,3.06,overcast clouds
42,Mount Isa,AU,2022-07-01 21:12:31,-20.7333,139.5,51.57,82,100,13.8,overcast clouds
43,Poopo,BO,2022-07-01 21:12:32,-18.3667,-66.9667,51.78,11,100,10.38,overcast clouds
44,Port Lincoln,AU,2022-07-01 21:12:32,-34.7333,135.8667,52.77,61,100,7.9,overcast clouds
45,New Norfolk,AU,2022-07-01 21:12:33,-42.7826,147.0587,40.71,86,88,1.01,overcast clouds
46,Vaini,TO,2022-07-01 21:12:33,-21.2,-175.2,77.16,83,40,6.91,scattered clouds
47,Niort,FR,2022-07-01 21:12:34,46.3333,-0.3333,56.35,68,12,2.33,few clouds
48,Charters Towers,AU,2022-07-01 21:12:34,-20.1,146.2667,60.96,95,100,10.31,light rain
49,Zhigansk,RU,2022-07-01 21:12:34,66.7697,123.3711,58.82,51,100,6.02,overcast clouds
50,Takoradi,GH,2022-07-01 21:12:35,4.8845,-1.7554,75.51,84,56,8.41,broken clouds
51,Hobart,AU,2022-07-01 21:12:35,-42.8794,147.3294,41.05,90,40,9.22,scattered clouds
52,Hauterive,FR,2022-07-01 21:12:36,46.0901,3.4459,61.56,78,13,2.66,few clouds
53,Waipawa,NZ,2022-07-01 21:12:36,-41.4122,175.5153,43.11,79,0,0.58,clear sky
54,Grand Gaube,MU,2022-07-01 21:12:37,-20.0064,57.6608,67.37,76,78,5.01,broken clouds
55,Yabrud,SY,2022-07-01 21:12:37,33.9674,36.6574,67.39,49,0,1.77,clear sky
56,Namatanai,PG,2022-07-01 21:12:38,-3.6667,152.4333,80.11,78,15,8.75,few clouds
57,Koppal,IN,2022-07-01 21:12:38,15.35,76.15,75.06,82,100,16.08,overcast clouds
58,Chanika,TZ,2022-07-01 21:12:39,-5.4167,38.0167,59.22,97,35,2.75,scattered clouds
59,Road Town,VG,2022-07-01 21:12:39,18.4167,-64.6167,86.09,74,40,11.5,scattered clouds
60,Saskylakh,RU,2022-07-01 21:12:40,71.9167,114.0833,53.04,53,60,6.2,broken clouds
61,Ponta Do Sol,PT,2022-07-01 21:12:41,32.6667,-17.1,70.72,79,12,2.19,few clouds
62,Bambous Virieux,MU,2022-07-01 21:12:41,-20.3428,57.7575,67.21,71,98,18.75,light rain
63,Castro,BR,2022-07-01 21:09:13,-24.7911,-50.0119,55.15,73,0,4.79,clear sky
64,Kommunar,RU,2022-07-01 21:12:42,59.6206,30.39,67.55,71,64,5.55,broken clouds
65,Cidreira,BR,2022-07-01 21:12:42,-30.1811,-50.2056,60.75,82,0,22.1,clear sky
66,Bluff,NZ,2022-07-01 21:12:42,-46.6,168.3333,42.8,79,90,24.54,overcast clouds
67,Thunder Bay,CA,2022-07-01 21:12:43,48.4001,-89.3168,65.32,52,77,9.82,broken clouds
68,East London,ZA,2022-07-01 21:12:43,-33.0153,27.9116,68.99,34,0,9.89,clear sky
69,Dikson,RU,2022-07-01 21:12:44,73.5069,80.5464,33.42,93,100,6.11,overcast clouds
70,Buchanan,LR,2022-07-01 21:12:44,5.8808,-10.0467,77.2,79,100,7.78,overcast clouds
71,Mahebourg,MU,2022-07-01 21:12:45,-20.4081,57.7,67.24,75,91,18.52,light rain
72,San Patricio,US,2022-07-01 21:12:45,28.017,-97.5169,95.72,48,97,14.5,overcast clouds
73,Mahuva,IN,2022-07-01 21:12:46,21.0914,71.7622,82.31,83,100,15.52,moderate rain
74,Hermanus,ZA,2022-07-01 21:12:46,-34.4187,19.2345,60.66,65,2,7.67,clear sky
75,Marienburg,PL,2022-07-01 21:12:47,54.0359,19.0266,70.12,92,95,4.76,light rain
76,Verkhnevilyuysk,RU,2022-07-01 21:12:47,63.4453,120.3167,62.42,68,62,2.77,broken clouds
77,Beringovskiy,RU,2022-07-01 21:12:48,63.05,179.3167,44.1,98,100,4.94,overcast clouds
78,Samarai,PG,2022-07-01 21:12:48,-10.6167,150.6667,80.91,83,98,11.25,overcast clouds
79,Lasa,IT,2022-07-01 21:12:48,46.6166,10.7002,62.37,91,48,2.57,scattered clouds
80,Tautira,PF,2022-07-01 21:12:49,-17.7333,-149.15,77.41,69,27,23.17,scattered clouds
81,Den Helder,NL,2022-07-01 21:12:50,52.9599,4.7593,62.58,78,20,11.99,few clouds
82,Kununurra,AU,2022-07-01 21:12:50,-15.7667,128.7333,60.78,72,100,12.66,overcast clouds
83,Tessalit,ML,2022-07-01 21:12:51,20.1986,1.0114,98.58,7,1,14.18,clear sky
84,Buala,SB,2022-07-01 21:12:51,-8.145,159.5921,80.87,81,81,11.27,light rain
85,Padang,ID,2022-07-01 21:12:52,-0.9492,100.3543,75.11,79,14,3.62,few clouds
86,Coquimbo,CL,2022-07-01 21:12:52,-29.9533,-71.3436,56.93,67,75,11.5,broken clouds
87,Srednekolymsk,RU,2022-07-01 21:12:53,67.45,153.6833,59.92,42,7,11.05,clear sky
88,Cape Town,ZA,2022-07-01 21:10:09,-33.9258,18.4232,64.89,65,1,8.99,clear sky
89,La Ronge,CA,2022-07-01 21:12:53,55.1001,-105.2842,59.88,39,100,2.66,overcast clouds
90,Port Alfred,ZA,2022-07-01 21:12:53,-33.5906,26.891,68.27,40,0,13.76,clear sky
91,Praia,CV,2022-07-01 21:12:54,14.9215,-23.5087,75.74,73,20,16.11,few clouds
92,Souillac,MU,2022-07-01 21:12:55,-20.5167,57.5167,69.01,79,75,18.25,light rain
93,Avarua,CK,2022-07-01 21:12:55,-21.2078,-159.775,78.85,69,20,16.11,few clouds
94,Butaritari,KI,2022-07-01 21:12:56,3.0707,172.7902,82.42,77,84,15.46,light rain
95,Matay,EG,2022-07-01 21:12:56,28.419,30.7792,85.77,32,0,10.92,clear sky
96,Guerrero Negro,MX,2022-07-01 21:09:20,27.9769,-114.0611,77.14,58,1,19.06,clear sky
97,Acoyapa,NI,2022-07-01 21:12:57,11.9703,-85.1711,77.97,87,100,13.71,overcast clouds
98,Longyearbyen,SJ,2022-07-01 21:12:54,78.2186,15.6401,42.64,93,75,6.91,broken clouds
99,Vestmannaeyjar,IS,2022-07-01 21:12:57,63.4427,-20.2734,53.71,87,29,13.09,scattered clouds
100,Talnakh,RU,2022-07-01 21:12:58,69.4865,88.3972,52.21,61,38,2.55,scattered clouds
101,Olavarria,AR,2022-07-01 21:12:58,-36.8927,-60.3225,47.01,92,100,5.64,overcast clouds
102,Bose,IT,2022-07-01 21:12:59,45.4612,8.0137,72.99,68,4,5.97,clear sky
103,Carnarvon,AU,2022-07-01 21:11:08,-24.8667,113.6333,59.86,45,0,17.07,clear sky
104,Murgab,TM,2022-07-01 21:13:00,37.4966,61.9714,85.86,19,0,10.76,clear sky
105,Lahan,NP,2022-07-01 21:13:00,26.7296,86.4951,81.03,84,97,4.99,moderate rain
106,Anloga,GH,2022-07-01 21:13:00,5.7947,0.8973,77.74,80,46,13.58,scattered clouds
107,Puerto Carreno,CO,2022-07-01 21:13:01,6.189,-67.4859,84.25,73,86,2.33,overcast clouds
108,Kargat,RU,2022-07-01 21:13:01,55.1956,80.2811,52.29,95,98,12.59,overcast clouds
109,Khatanga,RU,2022-07-01 21:13:02,71.9667,102.5,48.65,65,99,14.43,overcast clouds
110,Codrington,AU,2022-07-01 21:13:02,-38.2667,141.9667,49.3,72,100,9.35,overcast clouds
111,Amapa,BR,2022-07-01 21:13:03,1.0,-52.0,75.72,93,55,3.33,broken clouds
112,Kondinskoye,RU,2022-07-01 21:13:03,59.6481,67.41,54.28,67,100,8.95,overcast clouds
113,Qaanaaq,GL,2022-07-01 21:13:04,77.484,-69.3632,42.8,68,64,4.45,broken clouds
114,Yuncheng,CN,2022-07-01 21:13:05,35.0231,110.9928,76.5,65,100,5.59,overcast clouds
115,Ancud,CL,2022-07-01 21:13:05,-41.8697,-73.8203,43.23,66,87,8.25,overcast clouds
116,Saint George,US,2022-07-01 21:09:47,37.1041,-113.5841,103.62,16,20,11.99,few clouds
117,Urengoy,RU,2022-07-01 21:13:06,65.9667,78.3667,52.36,62,80,11.43,broken clouds
118,Tuktoyaktuk,CA,2022-07-01 21:13:06,69.4541,-133.0374,56.62,61,16,6.8,few clouds
119,Dingle,PH,2022-07-01 21:13:07,10.9995,122.6711,76.89,91,100,3.02,overcast clouds
120,Pisco,PE,2022-07-01 21:13:07,-13.7,-76.2167,65.01,77,0,9.22,clear sky
121,Sovetskiy,RU,2022-07-01 21:13:08,61.3614,63.5842,52.36,72,86,4.41,overcast clouds
122,Bentiu,SS,2022-07-01 21:13:08,9.2333,29.8333,77.0,58,98,3.27,overcast clouds
123,Touros,BR,2022-07-01 21:13:09,-5.1989,-35.4608,77.85,83,30,10.94,scattered clouds
124,Pyapon,MM,2022-07-01 21:13:10,16.2833,95.6833,77.97,90,100,4.56,overcast clouds
125,Vardo,NO,2022-07-01 21:13:10,70.3705,31.1107,46.38,100,100,4.61,overcast clouds
126,Hun,LY,2022-07-01 21:13:11,29.1268,15.9477,90.7,22,0,8.01,clear sky
127,Newton,US,2022-07-01 21:13:11,42.337,-71.2092,93.06,52,0,20.71,clear sky
128,Las Choapas,MX,2022-07-01 21:10:45,17.9333,-94.0833,87.67,66,46,8.88,scattered clouds
129,Airai,TL,2022-07-01 21:13:12,-8.9266,125.4092,58.64,96,63,3.42,broken clouds
130,Cabo Rojo,PR,2022-07-01 21:12:10,18.0866,-67.1457,87.39,79,69,1.01,broken clouds
131,Sisimiut,GL,2022-07-01 21:13:13,66.9395,-53.6735,39.56,95,100,9.95,overcast clouds
132,Provideniya,RU,2022-07-01 21:13:13,64.3833,-173.3,48.15,97,100,14.0,moderate rain
133,Almeria,ES,2022-07-01 21:13:14,37.1667,-2.3333,70.77,85,12,10.04,few clouds
134,Port Shepstone,ZA,2022-07-01 21:13:14,-30.7414,30.455,61.56,57,0,5.73,clear sky
135,Lebu,CL,2022-07-01 21:13:15,-37.6167,-73.65,49.12,66,78,9.75,broken clouds
136,San Cristobal,VE,2022-07-01 21:13:16,7.7669,-72.225,78.98,65,49,4.59,scattered clouds
137,Severo-Kurilsk,RU,2022-07-01 21:08:58,50.6789,156.125,52.3,81,89,13.24,overcast clouds
138,Chiredzi,ZW,2022-07-01 21:13:16,-21.05,31.6667,59.99,65,50,3.06,scattered clouds
139,Mar Del Plata,AR,2022-07-01 21:13:17,-38.0023,-57.5575,52.09,76,100,12.66,light rain
140,Lisieux,FR,2022-07-01 21:13:17,49.1667,0.1667,62.11,79,51,2.42,broken clouds
141,Kutum,SD,2022-07-01 21:13:18,14.2,24.6667,79.36,42,95,4.5,overcast clouds
142,Kysyl-Syr,RU,2022-07-01 21:13:18,63.8986,122.7617,62.17,73,35,3.78,scattered clouds
143,Ca Mau,VN,2022-07-01 21:13:19,9.1769,105.15,78.28,89,100,4.47,overcast clouds
144,Leningradskiy,RU,2022-07-01 21:13:19,69.3833,178.4167,43.29,81,93,4.56,overcast clouds
145,Luocheng,CN,2022-07-01 21:13:20,29.3848,104.0286,71.08,79,99,1.48,overcast clouds
146,Norman Wells,CA,2022-07-01 21:13:20,65.282,-126.8329,78.55,29,53,5.39,broken clouds
147,Xuddur,SO,2022-07-01 21:13:20,4.1213,43.8894,72.48,56,11,15.9,few clouds
148,Urubicha,BO,2022-07-01 21:13:21,-15.3833,-62.95,84.34,34,43,5.14,scattered clouds
149,Amga,RU,2022-07-01 21:13:22,60.8953,131.9608,67.68,66,7,1.05,clear sky
150,Kodar,IN,2022-07-01 21:13:22,16.9833,79.9667,84.16,65,100,12.91,overcast clouds
151,Iqaluit,CA,2022-07-01 21:13:24,63.7506,-68.5145,41.36,72,45,14.54,scattered clouds
152,Nome,US,2022-07-01 21:13:24,64.5011,-165.4064,61.16,72,100,18.41,smoke
153,Barrow,US,2022-07-01 21:13:24,71.2906,-156.7887,46.42,71,0,11.5,clear sky
154,Sorland,NO,2022-07-01 21:13:25,67.667,12.6934,57.06,80,32,11.88,scattered clouds
155,Hami,CN,2022-07-01 21:13:25,42.8,93.45,85.44,24,100,13.38,overcast clouds
156,Marquette,US,2022-07-01 21:13:26,46.5333,-87.6335,74.64,53,24,8.37,few clouds
157,Villa Maria,AR,2022-07-01 21:13:27,-32.4075,-63.2402,62.82,61,59,12.77,broken clouds
158,Faanui,PF,2022-07-01 21:13:27,-16.4833,-151.75,78.76,69,3,21.23,clear sky
159,Lagoa,PT,2022-07-01 21:13:28,39.05,-27.9833,67.41,88,100,12.5,overcast clouds
160,Pitimbu,BR,2022-07-01 21:13:28,-7.4706,-34.8086,79.39,84,3,9.57,clear sky
161,Bartlesville,US,2022-07-01 21:13:29,36.7473,-95.9808,96.75,42,20,8.05,few clouds
162,Tiksi,RU,2022-07-01 21:13:29,71.6872,128.8694,41.58,72,99,5.57,overcast clouds
163,Salalah,OM,2022-07-01 21:13:30,17.0151,54.0924,80.6,79,61,11.27,broken clouds
164,Nelson Bay,AU,2022-07-01 21:13:30,-32.7167,152.15,55.99,99,100,8.99,light rain
165,Babstovo,RU,2022-07-01 21:13:31,48.1167,132.4833,66.97,93,100,2.84,light rain
166,Broken Hill,AU,2022-07-01 21:13:31,-31.95,141.4333,38.35,87,0,12.88,clear sky
167,Mogadishu,SO,2022-07-01 21:13:32,2.0371,45.3438,77.32,78,100,17.6,overcast clouds
168,Pontes E Lacerda,BR,2022-07-01 21:13:32,-15.2261,-59.3353,87.55,31,6,5.61,clear sky
169,Pirovskoye,RU,2022-07-01 21:13:32,57.6267,92.2658,57.33,69,100,3.91,overcast clouds
170,Nosy Varika,MG,2022-07-01 21:13:33,-20.5833,48.5333,68.77,77,80,6.22,light rain
171,Puerto Narino,CO,2022-07-01 21:13:33,-3.7703,-70.3831,82.8,67,100,0.74,overcast clouds
172,Amahai,ID,2022-07-01 21:13:34,-3.3333,128.9167,76.73,87,75,2.86,broken clouds
173,Roald,NO,2022-07-01 21:13:34,62.5833,6.1333,68.9,88,0,1.14,clear sky
174,Millet,CA,2022-07-01 21:13:35,53.1001,-113.4687,69.17,71,40,11.36,scattered clouds
175,Tromso,NO,2022-07-01 21:13:35,69.6496,18.957,70.38,56,0,5.75,clear sky
176,Kargasok,RU,2022-07-01 21:13:35,59.0556,80.8572,50.13,98,93,6.93,overcast clouds
177,Sola,VU,2022-07-01 21:13:36,-13.8833,167.55,80.11,77,65,21.77,light rain
178,Port Blair,IN,2022-07-01 21:13:36,11.6667,92.75,82.45,79,100,11.81,overcast clouds
179,Berbera,SO,2022-07-01 21:13:37,10.4396,45.0143,91.27,39,100,24.2,overcast clouds
180,Fort Nelson,CA,2022-07-01 21:13:37,58.8053,-122.7002,72.55,33,3,3.22,clear sky
181,Sobolevo,RU,2022-07-01 21:13:38,54.4299,31.8996,62.24,68,58,8.66,broken clouds
182,Roma,US,2022-07-01 21:12:02,43.2128,-75.4557,86.63,49,75,6.91,broken clouds
183,Kodiak,US,2022-07-01 21:13:38,57.79,-152.4072,54.91,88,100,13.8,mist
184,Dharchula,IN,2022-07-01 21:13:39,29.85,80.5333,72.64,95,99,1.95,overcast clouds
185,Miracema,BR,2022-07-01 21:13:39,-21.4122,-42.1967,68.77,68,0,4.25,clear sky
186,Port Hedland,AU,2022-07-01 21:13:40,-20.3167,118.5667,53.65,54,1,8.05,clear sky
187,Majene,ID,2022-07-01 21:13:40,-3.5403,118.9707,76.66,90,41,5.86,scattered clouds
188,Simao,CN,2022-07-01 21:13:41,22.7886,100.9748,64.54,97,100,1.57,overcast clouds
189,Narsaq,GL,2022-07-01 21:13:41,60.9167,-46.05,55.62,68,31,8.99,scattered clouds
190,Arklow,IE,2022-07-01 21:13:42,52.7931,-6.1414,58.08,94,89,14.18,light rain
191,Sandwick,GB,2022-07-01 21:13:42,60.0,-1.25,51.62,100,100,10.36,overcast clouds
192,Veracruz,MX,2022-07-01 21:08:58,19.3333,-96.6667,87.66,53,25,7.25,scattered clouds
193,Caborca,MX,2022-07-01 21:13:43,30.5838,-111.101,93.54,34,10,7.23,clear sky
194,Vila Franca Do Campo,PT,2022-07-01 21:13:44,37.7167,-25.4333,69.19,91,90,8.14,overcast clouds
195,Sorong,ID,2022-07-01 21:13:44,-0.8833,131.25,77.4,88,85,6.2,overcast clouds
196,Kavieng,PG,2022-07-01 21:13:45,-2.5744,150.7967,82.72,76,7,15.57,clear sky
197,Fortuna Foothills,US,2022-07-01 21:13:45,32.6578,-114.4119,105.89,23,0,8.99,clear sky
198,Vila Velha,BR,2022-07-01 21:13:46,-20.3297,-40.2925,71.94,87,40,3.44,scattered clouds
199,Cheney,US,2022-07-01 21:10:10,47.4874,-117.5758,85.75,28,40,3.44,scattered clouds
200,Kushiro,JP,2022-07-01 21:09:34,42.975,144.3747,60.42,95,100,2.57,overcast clouds
201,Atasu,KZ,2022-07-01 21:13:47,48.6814,71.6433,58.24,40,28,7.36,scattered clouds
202,Port Hardy,CA,2022-07-01 21:13:47,50.6996,-127.4199,59.4,83,73,6.91,broken clouds
203,Kruisfontein,ZA,2022-07-01 21:13:47,-34.0033,24.7314,69.89,34,3,16.11,clear sky
204,Pangai,TO,2022-07-01 21:13:48,-19.8,-174.35,77.97,79,5,16.82,clear sky
205,Palmas,BR,2022-07-01 21:13:49,-10.2128,-48.3603,85.87,42,0,5.75,clear sky
206,Bilibino,RU,2022-07-01 21:13:49,68.0546,166.4372,47.17,93,100,5.79,light rain
207,Olafsvik,IS,2022-07-01 21:13:49,64.8945,-23.7142,49.41,87,39,11.65,scattered clouds
208,Lerwick,GB,2022-07-01 21:13:50,60.1545,-1.1494,51.8,99,100,2.44,light rain
209,Vinh,VN,2022-07-01 21:13:50,18.6667,105.6667,77.72,87,100,4.92,light rain
210,Kuching,MY,2022-07-01 21:13:51,1.55,110.3333,79.02,94,20,2.3,few clouds
211,Arraial Do Cabo,BR,2022-07-01 21:13:51,-22.9661,-42.0278,69.66,83,20,8.05,few clouds
212,Cherskiy,RU,2022-07-01 21:13:52,68.75,161.3,51.44,55,100,9.57,overcast clouds
213,Asosa,ET,2022-07-01 21:13:53,10.0667,34.5333,59.61,85,100,4.81,overcast clouds
214,Carroll,US,2022-07-01 21:13:53,39.5501,-77.0164,87.12,69,0,4.61,clear sky
215,Penzance,GB,2022-07-01 21:13:54,50.1186,-5.5371,58.64,83,51,19.42,broken clouds
216,Ahuimanu,US,2022-07-01 21:13:55,21.4447,-157.8378,85.71,71,100,21.85,overcast clouds
217,Tateyama,JP,2022-07-01 21:13:55,34.9833,139.8667,78.1,89,88,12.06,overcast clouds
218,Miri,MY,2022-07-01 21:13:55,4.4148,114.0089,76.19,84,100,3.06,overcast clouds
219,Fukue,JP,2022-07-01 21:13:56,32.6881,128.8419,77.13,88,10,7.4,clear sky
220,Kalabo,ZM,2022-07-01 21:13:56,-14.97,22.6814,58.42,59,61,6.46,broken clouds
221,Fortuna,US,2022-07-01 21:13:57,40.5982,-124.1573,61.66,87,100,1.01,overcast clouds
222,Ilulissat,GL,2022-07-01 21:13:58,69.2167,-51.1,51.82,58,20,10.36,few clouds
223,Point Pedro,LK,2022-07-01 21:13:58,9.8167,80.2333,81.52,82,100,10.07,overcast clouds
224,Belaya Gora,RU,2022-07-01 21:13:59,68.5333,146.4167,52.29,72,100,11.21,overcast clouds
225,Benguela,AO,2022-07-01 21:13:59,-12.5763,13.4055,69.15,76,5,1.97,clear sky
226,Baykit,RU,2022-07-01 21:14:00,61.67,96.37,56.73,77,47,2.19,scattered clouds
227,Strausberg,DE,2022-07-01 21:14:00,52.5786,13.8874,63.7,86,99,9.93,overcast clouds
228,Acarau,BR,2022-07-01 21:14:01,-2.8856,-40.12,78.21,83,3,10.25,clear sky
229,Yuancheng,CN,2022-07-01 21:14:02,36.652,107.7896,70.29,67,99,0.63,moderate rain
230,Anadyr,RU,2022-07-01 21:14:02,64.75,177.4833,48.49,93,100,11.54,light rain
231,Araouane,ML,2022-07-01 21:14:03,18.9048,-3.5265,96.28,24,75,19.51,broken clouds
232,Yatou,CN,2022-07-01 21:14:03,37.15,122.3833,71.82,95,97,12.5,light rain
233,Lukaya,UG,2022-07-01 21:14:04,-0.1489,31.8748,67.06,73,68,2.19,broken clouds
234,Shunyi,CN,2022-07-01 21:14:04,40.125,116.6453,73.35,94,100,2.24,overcast clouds
235,Bowen,AU,2022-07-01 21:14:05,-20.0167,148.2333,67.28,91,100,8.3,light rain
236,Pouembout,NC,2022-07-01 21:14:05,-21.1333,164.9,70.21,83,95,3.96,overcast clouds
237,Paamiut,GL,2022-07-01 21:14:06,61.994,-49.6678,38.82,90,94,4.09,overcast clouds
238,Lorengau,PG,2022-07-01 21:14:06,-2.0226,147.2712,82.31,79,46,12.5,moderate rain
239,Taywarah,AF,2022-07-01 21:14:06,33.35,64.4167,61.9,23,0,5.19,clear sky
240,Hasaki,JP,2022-07-01 21:14:07,35.7333,140.8333,77.29,84,0,9.93,clear sky
241,Dubbo,AU,2022-07-01 21:14:07,-32.25,148.6167,46.53,100,100,6.91,overcast clouds
242,Laizhou,CN,2022-07-01 21:14:07,37.1717,119.9214,74.41,95,78,8.01,broken clouds
243,Kabwe,ZM,2022-07-01 21:14:08,-14.4469,28.4464,57.42,81,92,4.94,overcast clouds
244,Alta Gracia,AR,2022-07-01 21:14:09,-31.6529,-64.4283,65.88,40,0,15.57,clear sky
245,Yarmouth,US,2022-07-01 21:11:02,41.7057,-70.2286,82.87,82,20,17.27,few clouds
246,Port Elizabeth,ZA,2022-07-01 21:14:09,-33.918,25.5701,72.1,41,0,12.84,clear sky
247,Tabuk,PH,2022-07-01 21:14:10,17.4189,121.4443,74.93,92,100,0.85,overcast clouds
248,Hirara,JP,2022-07-01 21:14:11,24.8,125.2833,82.13,77,94,6.13,overcast clouds
249,Linguere,SN,2022-07-01 21:14:11,15.3953,-15.1193,92.03,29,58,18.43,broken clouds
250,San Quintin,MX,2022-07-01 21:14:12,30.4833,-115.95,75.49,64,0,17.13,clear sky
251,Leh,IN,2022-07-01 21:14:12,34.1667,77.5833,66.88,40,34,2.13,scattered clouds
252,Torbay,CA,2022-07-01 21:14:13,47.6666,-52.7314,65.28,82,37,5.99,scattered clouds
253,Matara,LK,2022-07-01 21:14:14,5.9485,80.5353,80.26,80,13,16.42,few clouds
254,Sioux Lookout,CA,2022-07-01 21:09:43,50.1001,-91.917,65.43,27,7,15.9,clear sky
255,Jadu,LY,2022-07-01 21:14:14,31.953,12.0261,87.39,19,0,8.68,clear sky
256,Killybegs,IE,2022-07-01 21:14:15,54.6333,-8.45,55.11,87,61,12.97,broken clouds
257,Srivardhan,IN,2022-07-01 21:14:15,18.0333,73.0167,80.15,86,95,12.3,light rain
258,Kupang,ID,2022-07-01 21:14:16,-10.1667,123.5833,76.82,89,99,11.81,overcast clouds
259,Esperance,AU,2022-07-01 21:14:17,-33.8667,121.9,48.9,75,0,9.33,clear sky
260,Cairns,AU,2022-07-01 21:13:10,-16.9167,145.7667,72.07,97,100,8.05,light rain
261,Stropkov,SK,2022-07-01 21:14:17,49.2021,21.6522,82.33,53,48,2.06,scattered clouds
262,Half Moon Bay,US,2022-07-01 21:14:18,37.4636,-122.4286,78.42,74,100,18.41,mist
263,Georgetown,MY,2022-07-01 21:11:23,5.4112,100.3354,84.13,81,20,5.75,few clouds
264,Bayamo,CU,2022-07-01 21:14:18,20.3792,-76.6433,85.14,71,75,8.57,broken clouds
265,Praia Da Vitoria,PT,2022-07-01 21:14:19,38.7333,-27.0667,70.75,81,60,12.59,broken clouds
266,Huilong,CN,2022-07-01 21:14:19,31.8111,121.655,77.94,97,49,13.0,scattered clouds
267,Alta Floresta,BR,2022-07-01 21:14:20,-9.8756,-56.0861,87.62,35,43,2.89,scattered clouds
268,Ukiah,US,2022-07-01 21:14:20,39.1502,-123.2078,92.44,35,0,5.99,clear sky
269,Dabat,ET,2022-07-01 21:14:21,12.9842,37.765,53.37,89,100,5.06,light rain
270,Kaitangata,NZ,2022-07-01 21:14:22,-46.2817,169.8464,46.49,83,76,9.08,broken clouds
271,Osorno,CL,2022-07-01 21:14:22,-40.5667,-73.15,48.51,71,75,0.0,broken clouds
272,Tulum,MX,2022-07-01 21:14:23,20.2167,-87.4667,87.03,61,57,8.48,broken clouds
273,Namibe,AO,2022-07-01 21:14:23,-15.1961,12.1522,66.43,77,2,7.05,clear sky
274,Gizo,SB,2022-07-01 21:14:23,-8.103,156.8419,82.2,76,73,7.47,light rain
275,Barahona,DO,2022-07-01 21:14:24,18.2085,-71.1008,89.42,66,75,17.27,broken clouds
276,Gigmoto,PH,2022-07-01 21:14:24,13.7796,124.39,80.78,83,100,6.67,moderate rain
277,La Rioja,ES,2022-07-01 21:14:25,42.25,-2.5,65.98,53,1,3.33,clear sky
278,Dalbandin,PK,2022-07-01 21:14:25,28.8947,64.4101,88.9,49,58,9.64,broken clouds
279,Chemax,MX,2022-07-01 21:14:26,20.65,-87.9333,95.14,38,84,7.83,broken clouds
280,Howard Springs,AU,2022-07-01 21:14:26,-12.497,131.047,64.31,89,20,11.27,few clouds
281,Olinda,BR,2022-07-01 21:14:27,-8.0089,-34.8553,80.33,78,20,6.91,few clouds
282,Nanortalik,GL,2022-07-01 21:14:27,60.1432,-45.2371,43.16,82,13,13.0,few clouds
283,Geraldton,AU,2022-07-01 21:14:28,-28.7667,114.6,48.61,66,0,5.75,clear sky
284,Sechura,PE,2022-07-01 21:14:28,-5.5569,-80.8222,73.89,58,10,16.64,clear sky
285,Los Llanos De Aridane,ES,2022-07-01 21:14:28,28.6585,-17.9182,65.95,89,40,17.27,scattered clouds
286,Tefe,BR,2022-07-01 21:14:29,-3.3542,-64.7114,80.71,89,100,2.3,overcast clouds
287,Necochea,AR,2022-07-01 21:14:29,-38.5473,-58.7368,53.01,64,100,14.7,overcast clouds
288,Orange Cove,US,2022-07-01 21:14:30,36.6244,-119.3137,98.62,20,0,4.61,clear sky
289,Thompson,CA,2022-07-01 21:14:19,55.7435,-97.8558,61.75,35,98,14.74,overcast clouds
290,Yulara,AU,2022-07-01 21:14:30,-25.2406,130.9889,42.28,74,0,12.62,clear sky
291,Saldanha,ZA,2022-07-01 21:14:30,-33.0117,17.9442,58.19,91,0,13.67,clear sky
292,Talcahuano,CL,2022-07-01 21:14:31,-36.7167,-73.1167,51.48,71,40,9.22,scattered clouds
293,Paris,FR,2022-07-01 21:10:20,48.8534,2.3488,66.11,60,0,4.61,clear sky
294,Mosquera,CO,2022-07-01 21:14:31,4.7059,-74.2302,64.49,72,40,11.5,haze
295,Darhan,MN,2022-07-01 21:14:32,49.4867,105.9228,69.76,57,11,5.32,few clouds
296,Santa Ines,BR,2022-07-01 21:14:32,-3.6667,-45.38,77.88,85,68,1.95,light rain
297,Qaqortoq,GL,2022-07-01 21:14:33,60.7167,-46.0333,45.36,74,11,10.16,few clouds
298,Piripiri,BR,2022-07-01 21:14:33,-4.2733,-41.7769,79.47,69,57,3.13,broken clouds
299,Alofi,NU,2022-07-01 21:14:34,-19.0595,-169.9187,78.21,75,71,19.55,broken clouds
300,Lukulu,ZM,2022-07-01 21:14:34,-14.3707,23.242,60.42,60,93,6.8,overcast clouds
301,Lufilufi,WS,2022-07-01 21:14:35,-13.8745,-171.5986,81.79,67,5,19.44,clear sky
302,Yangambi,CD,2022-07-01 21:14:35,0.8102,24.4336,68.79,96,99,1.77,light rain
303,Lazaro Cardenas,MX,2022-07-01 21:10:48,17.9583,-102.2,86.18,71,74,9.33,broken clouds
304,Sinop,TR,2022-07-01 21:14:36,41.7711,34.8709,60.66,63,0,3.38,clear sky
305,Shache,CN,2022-07-01 21:14:36,38.4167,77.2406,83.71,11,92,2.24,overcast clouds
306,Sabzevar,IR,2022-07-01 21:14:37,36.2126,57.6819,85.51,20,0,13.65,clear sky
307,Hovd,MN,2022-07-01 21:14:37,48.0056,91.6419,63.66,37,96,6.24,overcast clouds
308,Saint-Pierre,RE,2022-07-01 21:14:38,-21.3393,55.4781,68.92,60,40,10.36,scattered clouds
309,Kinablangan,PH,2022-07-01 21:14:38,7.6947,126.5503,78.87,81,100,4.23,overcast clouds
310,Semirom,IR,2022-07-01 21:14:39,31.4167,51.5667,69.94,15,1,3.8,clear sky
311,Sao Filipe,CV,2022-07-01 21:14:40,14.8961,-24.4956,74.26,83,53,9.89,broken clouds
312,Sitka,US,2022-07-01 21:11:31,57.0531,-135.33,62.49,67,75,9.22,broken clouds
313,Port Macquarie,AU,2022-07-01 21:14:40,-31.4333,152.9167,52.9,94,100,5.35,light rain
314,Vanimo,PG,2022-07-01 21:14:41,-2.6741,141.3028,77.95,88,87,5.79,overcast clouds
315,Anupgarh,IN,2022-07-01 21:14:42,29.1911,73.2086,86.68,65,100,5.93,overcast clouds
316,Camaguey,CU,2022-07-01 21:14:42,21.3808,-77.9169,86.34,66,75,17.27,broken clouds
317,Christchurch,NZ,2022-07-01 21:12:03,-43.5333,172.6333,38.48,93,4,0.0,clear sky
318,Belur,IN,2022-07-01 21:14:43,13.1667,75.8667,67.32,95,98,7.9,overcast clouds
319,Shenjiamen,CN,2022-07-01 21:14:43,29.9576,122.298,76.23,94,8,9.04,clear sky
320,Dao,PH,2022-07-01 21:14:44,11.3937,122.6856,74.01,92,100,3.96,overcast clouds
321,Hamilton,US,2022-07-01 21:14:13,39.1834,-84.5333,93.07,59,0,11.5,clear sky
322,Hambantota,LK,2022-07-01 21:14:45,6.1241,81.1185,80.87,80,21,19.57,few clouds
323,Bathsheba,BB,2022-07-01 21:14:45,13.2167,-59.5167,83.01,83,40,21.85,scattered clouds
324,Fairbanks,US,2022-07-01 21:14:46,64.8378,-147.7164,81.61,43,20,3.44,smoke
325,Inhambane,MZ,2022-07-01 21:14:46,-23.865,35.3833,68.02,83,51,8.5,light rain
326,Cabo San Lucas,MX,2022-07-01 21:11:36,22.8909,-109.9124,93.61,51,0,16.11,clear sky
327,Oktyabrskiy,RU,2022-07-01 21:14:47,54.4815,53.471,51.08,88,23,3.62,few clouds
328,Honiara,SB,2022-07-01 21:14:48,-9.4333,159.95,80.38,75,5,8.79,clear sky
329,Kaeo,NZ,2022-07-01 21:14:48,-35.1,173.7833,49.32,96,100,5.44,overcast clouds
330,Coihaique,CL,2022-07-01 21:14:49,-45.5752,-72.0662,36.21,93,40,3.44,scattered clouds
331,Grindavik,IS,2022-07-01 21:14:50,63.8424,-22.4338,50.47,87,100,11.5,overcast clouds
332,Aklavik,CA,2022-07-01 21:14:50,68.2191,-135.0107,80.73,31,12,13.91,few clouds
333,Escanaba,US,2022-07-01 21:14:50,45.7453,-87.0646,76.51,64,0,14.97,clear sky
334,Ponta Delgada,PT,2022-07-01 21:14:51,37.7333,-25.6667,69.49,83,40,9.22,light rain
335,Malakal,SS,2022-07-01 21:14:51,9.5334,31.6605,77.95,58,30,2.91,scattered clouds
336,Rawson,AR,2022-07-01 21:14:52,-43.3002,-65.1023,43.88,68,97,21.63,overcast clouds
337,Sinnamary,GF,2022-07-01 21:14:52,5.3833,-52.95,79.16,83,90,9.01,overcast clouds
338,Iwanai,JP,2022-07-01 21:14:53,42.9744,140.5089,66.42,95,100,1.79,light rain
339,Nokaneng,BW,2022-07-01 21:14:54,-19.6667,22.2667,60.42,49,57,7.31,broken clouds
340,Klaksvik,FO,2022-07-01 21:14:54,62.2266,-6.589,50.92,91,100,7.45,overcast clouds
341,Korla,CN,2022-07-01 21:14:55,41.7597,86.1469,79.45,27,53,16.51,broken clouds
342,Sumbe,AO,2022-07-01 21:14:55,-11.2061,13.8437,68.49,89,6,6.55,clear sky
343,Iranshahr,IR,2022-07-01 21:14:56,27.2025,60.6848,93.18,45,11,3.94,few clouds
344,Mafinga,TZ,2022-07-01 21:14:56,-7.25,35.0667,62.74,56,1,6.42,clear sky
345,Alto Araguaia,BR,2022-07-01 21:14:57,-17.3147,-53.2153,75.34,34,1,5.37,clear sky
346,Aanekoski,FI,2022-07-01 21:14:57,62.6946,25.818,71.67,59,98,4.9,overcast clouds
347,Pointe Michel,DM,2022-07-01 21:14:58,15.25,-61.3833,80.28,82,87,19.39,overcast clouds
348,Soyo,AO,2022-07-01 21:14:58,-6.1349,12.3689,72.79,89,0,9.13,clear sky
349,Unai,BR,2022-07-01 21:14:59,-16.3575,-46.9061,74.35,35,0,4.07,clear sky
350,Fria,GN,2022-07-01 21:14:59,10.4167,-13.5833,73.22,97,100,2.33,overcast clouds
351,Pak Phanang,TH,2022-07-01 21:15:00,8.3511,100.202,79.09,83,100,10.78,light rain
352,Ponazyrevo,RU,2022-07-01 21:15:00,58.3578,46.3142,49.53,78,66,4.68,broken clouds
353,Egvekinot,RU,2022-07-01 21:15:01,66.3167,-179.1667,50.04,78,100,9.84,light rain
354,Saint-Marc,HT,2022-07-01 21:15:01,19.1082,-72.6938,86.31,63,64,10.74,broken clouds
355,Ahipara,NZ,2022-07-01 21:15:02,-35.1667,173.1667,53.78,80,100,7.2,overcast clouds
356,Konce,MK,2022-07-01 21:15:02,41.4958,22.385,62.08,78,49,3.36,scattered clouds
357,Igrim,RU,2022-07-01 21:15:03,63.1906,64.4162,50.76,68,47,4.72,scattered clouds
358,Ust-Tarka,RU,2022-07-01 21:15:03,55.5672,75.705,49.6,97,80,9.31,broken clouds
359,Chapais,CA,2022-07-01 21:15:04,49.7834,-74.8492,67.33,53,80,11.03,broken clouds
360,Havre-Saint-Pierre,CA,2022-07-01 21:15:04,50.2334,-63.5986,61.95,73,99,8.5,overcast clouds
361,Borovoy,RU,2022-07-01 21:15:05,55.4333,86.0833,58.28,77,40,6.71,scattered clouds
362,Orasac,BA,2022-07-01 21:15:06,44.6289,16.0711,69.49,74,10,3.69,clear sky
363,Bauska,LV,2022-07-01 21:15:07,56.4075,24.1906,71.24,82,89,9.91,overcast clouds
364,Key West,US,2022-07-01 21:15:07,24.5557,-81.7826,93.2,61,0,16.11,clear sky
365,Laguna,US,2022-07-01 21:15:08,38.421,-121.4238,90.32,39,0,11.5,clear sky
366,Lavrentiya,RU,2022-07-01 21:15:09,65.5833,-171.0,50.22,87,96,11.07,overcast clouds
367,Okato,NZ,2022-07-01 21:15:09,-39.2,173.8833,56.52,89,100,5.01,overcast clouds
368,College,US,2022-07-01 21:15:10,64.8569,-147.8028,81.59,43,75,3.44,smoke
369,Havoysund,NO,2022-07-01 21:15:10,70.9963,24.6622,52.03,72,1,9.24,clear sky
370,Hirtshals,DK,2022-07-01 21:15:11,57.5881,9.9592,60.51,89,100,15.03,light rain
371,Yangjiang,CN,2022-07-01 21:15:11,21.85,111.9667,78.58,90,100,28.7,heavy intensity rain
372,Pevek,RU,2022-07-01 21:15:11,69.7008,170.3133,35.2,99,100,5.75,light snow
373,Komsomolskiy,UZ,2022-07-01 21:15:12,40.4272,71.7189,77.83,24,22,3.67,few clouds
374,Araceli,PH,2022-07-01 21:15:13,10.5529,119.9913,84.42,77,100,14.23,overcast clouds
375,Damoh,IN,2022-07-01 21:15:13,23.8333,79.45,81.1,78,100,4.41,overcast clouds
376,Itarema,BR,2022-07-01 21:15:14,-2.9248,-39.9167,77.4,84,2,10.09,clear sky
377,Pavelets,RU,2022-07-01 21:15:16,53.7883,39.246,46.65,77,1,7.23,clear sky
378,Adzope,CI,2022-07-01 21:15:16,6.1069,-3.8619,71.74,98,94,4.03,light rain
379,Hemsedal,NO,2022-07-01 21:15:17,60.8629,8.5534,66.16,92,34,4.41,scattered clouds
380,Kirakira,SB,2022-07-01 21:15:17,-10.4544,161.9205,80.89,80,79,10.33,broken clouds
381,Camacha,PT,2022-07-01 21:15:18,33.0833,-16.3333,65.62,83,40,14.97,scattered clouds
382,Prince Rupert,CA,2022-07-01 21:15:15,54.3161,-130.3201,58.69,90,100,5.75,overcast clouds
383,Goldap,PL,2022-07-01 21:13:02,54.3063,22.3036,70.97,69,1,12.12,clear sky
384,Hashtrud,IR,2022-07-01 21:15:19,37.4779,47.0508,65.73,50,0,5.03,clear sky
385,Bima,ID,2022-07-01 21:15:19,-8.4667,118.7167,74.46,96,82,3.89,broken clouds
386,Tarakan,ID,2022-07-01 21:15:20,3.3,117.6333,78.3,94,40,2.3,scattered clouds
387,Carutapera,BR,2022-07-01 21:15:21,-1.195,-46.02,77.97,81,24,5.75,few clouds
388,Rabo De Peixe,PT,2022-07-01 21:15:21,37.8,-25.5833,68.27,84,75,8.05,light rain
389,Awjilah,LY,2022-07-01 21:15:22,29.1081,21.2869,85.53,26,0,11.74,clear sky
390,Maragogi,BR,2022-07-01 21:15:22,-9.0122,-35.2225,75.58,90,41,11.3,scattered clouds
391,Hobyo,SO,2022-07-01 21:15:23,5.3505,48.5268,77.25,73,68,28.57,broken clouds
392,Warrnambool,AU,2022-07-01 21:15:23,-38.3833,142.4833,45.81,70,100,7.94,overcast clouds
393,Victoria,HK,2022-07-01 21:15:09,22.2855,114.1577,82.26,86,100,18.99,overcast clouds
394,Vila,PT,2022-07-01 21:15:24,42.0304,-8.1588,56.28,76,0,2.39,clear sky
395,Shirokiy,RU,2022-07-01 21:15:24,49.758,129.523,65.7,94,99,6.08,overcast clouds
396,Tahe,CN,2022-07-01 21:15:25,52.3333,124.7333,64.89,84,61,2.57,broken clouds
397,Yichang,CN,2022-07-01 21:15:25,30.7144,111.2847,80.51,81,100,1.97,overcast clouds
398,Santa Cruz,BO,2022-07-01 21:15:26,-17.8,-63.1667,80.65,50,40,24.16,scattered clouds
399,Sharjah,AE,2022-07-01 21:15:26,25.3573,55.4033,96.78,66,0,6.91,clear sky
400,Chokurdakh,RU,2022-07-01 21:15:27,70.6333,147.9167,41.61,79,100,9.19,light rain
401,Nouakchott,MR,2022-07-01 21:15:28,18.0858,-15.9785,76.93,71,6,19.6,clear sky
402,Sistranda,NO,2022-07-01 21:15:28,63.7256,8.834,73.36,89,14,4.56,few clouds
403,Macusani,PE,2022-07-01 21:15:29,-14.0833,-70.4333,47.98,46,7,5.99,clear sky
404,Mount Gambier,AU,2022-07-01 21:15:29,-37.8333,140.7667,46.53,79,100,4.16,overcast clouds
405,San Juan,AR,2022-07-01 21:15:30,-31.5375,-68.5364,59.02,31,0,21.41,clear sky
406,Tupelo,US,2022-07-01 21:15:30,34.2576,-88.7034,91.69,54,20,9.22,few clouds
407,Angoche,MZ,2022-07-01 21:15:31,-16.2325,39.9086,70.07,78,0,4.79,clear sky
408,Haines Junction,CA,2022-07-01 21:15:31,60.7522,-137.5108,75.15,41,13,2.3,few clouds
409,Kushima,JP,2022-07-01 21:15:32,31.4583,131.2333,75.69,94,70,7.07,broken clouds
410,Caravelas,BR,2022-07-01 21:15:32,-17.7125,-39.2481,72.9,77,90,5.12,overcast clouds
411,Altoona,US,2022-07-01 21:11:30,40.5187,-78.3947,88.05,65,58,1.01,broken clouds
412,Salaga,GH,2022-07-01 21:15:33,8.5508,-0.5188,73.96,88,40,5.01,scattered clouds
413,Zhuanghe,CN,2022-07-01 21:15:33,39.7008,122.9911,69.85,99,99,4.18,moderate rain
414,Duobao,CN,2022-07-01 21:15:33,30.67,112.6895,78.22,84,79,6.29,broken clouds
415,Beloha,MG,2022-07-01 21:15:34,-25.1667,45.05,64.33,70,0,14.03,clear sky
416,Tabasalu,EE,2022-07-01 21:15:34,59.4303,24.5331,73.26,66,0,8.05,clear sky
417,Boyolangu,ID,2022-07-01 21:15:35,-8.1181,111.8935,75.07,92,81,8.41,light rain
418,Meiganga,CM,2022-07-01 21:15:36,6.5167,14.3,62.94,98,100,1.66,overcast clouds
419,Vostok,RU,2022-07-01 21:15:36,46.4856,135.8833,63.57,88,100,2.71,overcast clouds
420,Chicama,PE,2022-07-01 21:15:37,-7.8447,-79.1469,63.14,65,4,9.64,clear sky
421,Tecpan,GT,2022-07-01 21:15:37,14.7623,-90.9947,67.89,56,41,7.31,scattered clouds
422,Vysokogornyy,RU,2022-07-01 21:15:38,50.1167,139.15,67.44,85,0,4.63,clear sky
423,Flinders,AU,2022-07-01 21:15:39,-34.5833,150.8552,57.38,94,100,5.01,light rain
424,Ayagoz,KZ,2022-07-01 21:15:40,47.9714,80.4392,56.98,68,81,10.51,broken clouds
425,Xochihuehuetlan,MX,2022-07-01 21:15:40,17.9167,-98.4333,92.71,26,63,4.09,broken clouds
426,Labuan,MY,2022-07-01 21:15:41,5.2767,115.2417,77.36,100,20,0.0,few clouds
427,Northam,GB,2022-07-01 21:15:42,51.0333,-4.2167,58.39,83,9,13.53,clear sky
428,Warangal,IN,2022-07-01 21:15:42,18.0,79.5833,81.72,73,100,14.72,overcast clouds
429,Katsuura,JP,2022-07-01 21:15:42,35.1333,140.3,76.71,88,29,11.68,scattered clouds
430,Carauari,BR,2022-07-01 21:15:43,-4.8828,-66.8958,84.04,59,40,1.7,scattered clouds
431,Volkhov,RU,2022-07-01 21:15:44,59.9258,32.3382,61.66,59,3,4.99,clear sky
432,Port Moresby,PG,2022-07-01 21:15:44,-9.4431,147.1797,75.47,82,95,5.17,overcast clouds
433,Toul,FR,2022-07-01 21:15:45,48.6667,5.9167,60.89,75,0,2.3,clear sky
434,Aswan,EG,2022-07-01 21:15:45,24.0934,32.907,89.35,23,0,9.13,clear sky
435,Bairiki,KI,2022-07-01 21:15:46,1.3292,172.9752,84.2,79,20,14.97,light rain
436,Saint-Francois,FR,2022-07-01 21:15:46,46.4154,3.9054,56.64,73,0,0.0,clear sky
437,Yaan,NG,2022-07-01 21:15:47,7.3833,8.5667,72.36,90,61,4.29,broken clouds
438,Aban,RU,2022-07-01 21:15:47,56.67,96.06,53.46,95,53,3.02,broken clouds
439,Khovu-Aksy,RU,2022-07-01 21:15:48,51.1333,93.6,53.4,95,81,3.33,broken clouds
440,Kaa-Khem,RU,2022-07-01 21:15:49,51.6833,94.7333,60.42,90,100,2.98,overcast clouds
441,Cayenne,GF,2022-07-01 21:15:49,4.9333,-52.3333,84.24,1,20,8.05,few clouds
442,Pelym,RU,2022-07-01 21:15:49,61.0108,61.9978,49.73,79,38,5.17,scattered clouds
443,Olesno,PL,2022-07-01 21:15:50,50.877,18.4209,62.78,88,87,17.6,moderate rain
444,Tolmezzo,IT,2022-07-01 21:15:50,46.4075,13.0175,71.74,93,29,9.64,scattered clouds
445,Monte Alegre,BR,2022-07-01 21:15:51,-2.0078,-54.0692,83.21,68,48,3.58,scattered clouds
446,Juneau,US,2022-07-01 21:15:51,58.3019,-134.4197,68.0,83,75,11.5,broken clouds
447,Launceston,AU,2022-07-01 21:12:43,-41.45,147.1667,34.61,94,100,0.0,overcast clouds
448,Filadelfia,US,2022-07-01 21:12:37,39.9523,-75.1638,90.1,63,75,11.5,broken clouds
449,Jiblah,YE,2022-07-01 21:15:52,13.9216,44.1467,68.92,59,59,5.06,broken clouds
450,Dois Corregos,BR,2022-07-01 21:15:52,-22.3661,-48.3803,67.86,45,0,3.96,clear sky
451,Dhankuta,NP,2022-07-01 21:15:53,26.9833,87.3333,68.4,91,100,3.85,moderate rain
452,Pavilosta,LV,2022-07-01 21:15:53,56.8879,21.1859,76.91,82,13,13.76,few clouds
453,Opuwo,NA,2022-07-01 21:15:54,-18.0607,13.84,58.19,44,0,4.59,clear sky
454,Chuy,UY,2022-07-01 21:15:54,-33.6971,-53.4616,55.9,81,59,13.53,broken clouds
455,Russell,US,2022-07-01 21:15:54,32.3502,-85.1999,88.88,66,20,4.61,few clouds
456,Preston,GB,2022-07-01 21:15:55,53.7667,-2.7167,57.33,85,81,9.91,broken clouds
457,Vizinga,RU,2022-07-01 21:15:56,61.0749,50.1031,50.74,69,13,5.23,few clouds
458,Collie,AU,2022-07-01 21:15:56,-33.3667,116.15,40.93,84,0,3.47,clear sky
459,Yuxia,CN,2022-07-01 21:15:57,34.0615,108.6291,81.21,63,100,4.21,moderate rain
460,Isangel,VU,2022-07-01 21:15:57,-19.55,169.2667,75.31,94,75,3.44,broken clouds
461,Plavinas,LV,2022-07-01 21:15:57,56.6178,25.7255,65.32,72,95,5.01,overcast clouds
462,Diego De Almagro,CL,2022-07-01 21:15:58,-26.3667,-70.05,65.3,31,0,6.44,clear sky
463,Champerico,GT,2022-07-01 21:15:58,14.3,-91.9167,84.74,71,34,9.22,scattered clouds
464,Hadejia,NG,2022-07-01 21:15:59,12.4498,10.0444,81.97,59,100,8.08,light rain
465,Betioky,MG,2022-07-01 21:15:59,-23.7167,44.3833,60.98,65,0,8.1,clear sky
466,Smirnykh,RU,2022-07-01 21:16:00,49.75,142.8333,67.87,74,3,3.04,clear sky
467,Parry Sound,CA,2022-07-01 21:14:38,45.3501,-80.033,68.49,80,89,9.75,overcast clouds
468,Tekeli,KZ,2022-07-01 21:16:01,44.83,78.8239,55.72,39,58,6.42,broken clouds
469,Lompoc,US,2022-07-01 21:16:01,34.6391,-120.4579,84.78,76,0,14.97,clear sky
470,Port Hawkesbury,CA,2022-07-01 21:16:01,45.6169,-61.3485,74.91,63,100,3.44,overcast clouds
471,Krasnoselkup,RU,2022-07-01 21:16:02,65.7,82.4667,55.69,57,100,12.33,overcast clouds
472,Te Anau,NZ,2022-07-01 21:16:02,-45.4167,167.7167,40.01,92,47,2.51,scattered clouds
473,Xixiang,CN,2022-07-01 21:16:03,35.1628,112.865,77.72,77,100,5.59,overcast clouds
474,Bulri,PK,2022-07-01 21:16:03,24.8667,68.3333,85.64,72,100,16.15,moderate rain
475,Mariel,CU,2022-07-01 21:16:04,22.9875,-82.7536,80.74,74,53,13.96,light rain
476,Sao Joao Da Barra,BR,2022-07-01 21:15:35,-21.6403,-41.0511,69.89,81,0,11.01,clear sky
477,Naze,JP,2022-07-01 21:16:04,28.3667,129.4833,76.12,85,97,8.01,overcast clouds
478,Ngunguru,NZ,2022-07-01 21:16:05,-35.6167,174.5,53.04,75,100,6.33,overcast clouds
479,Surt,LY,2022-07-01 21:16:05,31.2089,16.5887,80.51,64,0,8.86,clear sky
480,Alice Springs,AU,2022-07-01 21:16:06,-23.7,133.8833,45.95,76,0,9.22,clear sky
481,Mackay,AU,2022-07-01 21:16:06,-21.15,149.2,65.68,91,100,10.4,moderate rain
482,Clyde River,CA,2022-07-01 21:16:06,70.4692,-68.5914,35.83,93,100,6.91,overcast clouds
483,Porto Empedocle,IT,2022-07-01 21:16:07,37.2934,13.5264,80.65,59,1,3.53,clear sky
484,Kahului,US,2022-07-01 21:16:08,20.8947,-156.47,86.02,66,40,20.71,scattered clouds
485,Lakhdenpokhya,RU,2022-07-01 21:16:08,61.5198,30.1992,64.18,72,7,2.46,clear sky
486,Abha,SA,2022-07-01 21:16:09,18.2164,42.5053,71.42,64,0,5.75,clear sky
487,Port Arthur,CN,2022-07-01 21:16:09,38.8,121.2667,73.62,97,99,6.2,overcast clouds
488,Shrewsbury,GB,2022-07-01 21:11:14,52.7101,-2.7521,60.3,77,100,11.5,overcast clouds
489,Zhenhai,CN,2022-07-01 21:12:19,24.2582,118.0905,81.09,94,100,17.67,overcast clouds
490,San Felipe,VE,2022-07-01 21:16:10,10.3399,-68.7425,77.34,93,83,5.77,broken clouds
491,Oyem,GA,2022-07-01 21:16:11,1.5995,11.5793,67.28,97,99,1.54,light rain
492,Phan Thiet,VN,2022-07-01 21:16:11,10.9333,108.1,78.06,88,100,9.98,overcast clouds
493,Khor,RU,2022-07-01 21:16:12,47.8861,134.9464,67.93,92,100,3.53,overcast clouds
494,Front Royal,US,2022-07-01 21:16:12,38.9182,-78.1944,85.24,73,100,0.0,moderate rain
495,Leshan,CN,2022-07-01 21:16:12,29.5623,103.7639,71.96,79,100,1.01,overcast clouds
496,Lumeje,AO,2022-07-01 21:16:13,-11.55,20.7833,59.72,42,2,4.41,clear sky
497,Polunochnoye,RU,2022-07-01 21:16:13,60.8697,60.4153,48.61,71,55,3.62,broken clouds
498,Harper,LR,2022-07-01 21:16:13,4.375,-7.7169,77.13,76,100,10.51,overcast clouds
499,Huambo,AO,2022-07-01 21:16:13,-12.7761,15.7392,55.44,38,21,3.31,few clouds
500,Ambilobe,MG,2022-07-01 21:16:14,-13.2,49.05,64.15,76,4,4.05,clear sky
501,Kieta,PG,2022-07-01 21:16:14,-6.2167,155.6333,80.01,83,47,5.95,light rain
502,Batemans Bay,AU,2022-07-01 21:16:15,-35.7167,150.1833,52.11,82,100,10.02,overcast clouds
503,Canto Do Buriti,BR,2022-07-01 21:16:15,-8.11,-42.9444,86.14,41,41,14.16,scattered clouds
504,Dakar,SN,2022-07-01 21:16:16,14.6937,-17.4441,79.68,83,40,6.91,scattered clouds
505,Sakakah,SA,2022-07-01 21:16:16,29.9697,40.2064,89.17,21,0,8.72,clear sky
506,Puerto Escondido,MX,2022-07-01 21:16:16,15.85,-97.0667,86.88,69,94,8.43,overcast clouds
507,Imperia,IT,2022-07-01 21:16:17,43.9667,7.7833,69.1,88,3,4.68,clear sky
508,Kidal,ML,2022-07-01 21:16:18,18.4411,1.4078,96.75,22,5,12.06,clear sky
509,Staritsa,RU,2022-07-01 21:16:18,56.5075,34.9354,52.07,77,6,4.79,clear sky
510,Palmer,US,2022-07-01 21:16:18,42.1584,-72.3287,92.62,52,75,10.36,broken clouds
511,Cabedelo,BR,2022-07-01 21:16:19,-6.9811,-34.8339,79.47,86,18,10.18,few clouds
512,Mashivka,UA,2022-07-01 21:16:19,49.4431,34.8669,66.54,61,49,12.08,scattered clouds
513,Zboriste,BA,2022-07-01 21:16:19,45.1458,16.0178,67.12,78,18,3.67,few clouds
514,Brae,GB,2022-07-01 21:16:20,60.3964,-1.353,55.58,98,100,4.59,light rain
515,Kotido,UG,2022-07-01 21:16:20,2.9806,34.1331,71.38,54,100,7.47,overcast clouds
516,Sydney,AU,2022-07-01 21:16:20,-33.8679,151.2073,53.76,85,75,9.22,heavy intensity shower rain
517,Robertsport,LR,2022-07-01 21:16:21,6.7533,-11.3686,76.95,85,100,10.16,overcast clouds
518,Dudinka,RU,2022-07-01 21:16:21,69.4058,86.1778,52.63,64,4,16.06,clear sky
519,Torbat-E Jam,IR,2022-07-01 21:16:22,35.244,60.6225,82.63,19,0,11.25,clear sky
520,Bulgan,MN,2022-07-01 21:16:22,48.8125,103.5347,63.05,66,21,0.85,few clouds
521,Beyneu,KZ,2022-07-01 21:16:23,45.3167,55.2,76.55,23,63,7.63,broken clouds
522,Hofn,IS,2022-07-01 21:16:24,64.2539,-15.2082,52.9,84,12,7.36,few clouds
523,Dunedin,NZ,2022-07-01 21:16:24,-45.8742,170.5036,47.8,72,45,5.84,scattered clouds
524,Khunzakh,RU,2022-07-01 21:16:25,42.5394,46.705,52.81,92,66,4.36,light rain
525,Luderitz,NA,2022-07-01 21:16:25,-26.6481,15.1594,62.37,64,0,3.98,clear sky
526,Copiapo,CL,2022-07-01 21:16:26,-27.3667,-70.3333,55.09,42,43,4.88,scattered clouds
527,Formosa,AR,2022-07-01 21:16:26,-26.1775,-58.1781,78.78,57,0,11.5,clear sky
528,Taksimo,RU,2022-07-01 21:16:27,56.3444,114.8794,63.73,94,100,1.66,overcast clouds
529,Svobodnyy,RU,2022-07-01 21:16:27,51.4,128.1333,68.16,78,45,3.33,scattered clouds
530,Shingu,JP,2022-07-01 21:16:28,33.7333,135.9833,75.24,80,35,2.89,scattered clouds
531,Bani Walid,LY,2022-07-01 21:16:28,31.7566,13.9942,84.27,38,0,6.17,clear sky
532,Ocos,GT,2022-07-01 21:16:28,14.5094,-92.1933,86.18,71,53,8.97,broken clouds
533,Petropavlovsk-Kamchatskiy,RU,2022-07-01 21:16:29,53.0452,158.6483,61.39,59,75,20.13,light rain
534,Corowa,AU,2022-07-01 21:16:29,-36.0333,146.3833,32.58,86,3,5.3,clear sky
535,Husavik,IS,2022-07-01 21:16:29,66.0449,-17.3389,47.61,94,98,5.39,overcast clouds
536,Minab,IR,2022-07-01 21:16:30,27.1467,57.0801,87.31,77,4,5.66,clear sky
537,Martapura,ID,2022-07-01 21:16:30,-3.4167,114.85,75.29,88,100,1.14,overcast clouds
538,Balykshi,KZ,2022-07-01 21:16:31,47.0667,51.8667,64.4,72,0,6.71,clear sky
539,Perdoes,BR,2022-07-01 21:16:31,-21.0908,-45.0914,66.18,46,0,2.44,clear sky
540,Saint-Joseph,RE,2022-07-01 21:16:31,-21.3667,55.6167,65.21,71,69,15.23,broken clouds
541,Faenza,IT,2022-07-01 21:16:32,44.2857,11.8833,78.51,60,0,2.3,clear sky
542,Acapulco,MX,2022-07-01 21:11:36,16.8634,-99.8901,87.62,70,20,10.36,few clouds
543,Avesta,SE,2022-07-01 21:16:32,60.1455,16.1679,69.13,93,5,4.05,clear sky
544,Alor Setar,MY,2022-07-01 21:16:33,6.121,100.3601,78.78,100,20,0.0,few clouds
545,Koumac,NC,2022-07-01 21:16:33,-20.5667,164.2833,72.18,73,100,7.25,overcast clouds
546,Cermik,TR,2022-07-01 21:16:34,38.1361,39.4493,79.61,27,0,3.11,clear sky
547,Kuwana,JP,2022-07-01 21:16:34,35.0667,136.7,81.16,78,91,3.24,overcast clouds
548,Vao,NC,2022-07-01 21:16:35,-22.6667,167.4833,71.44,71,100,18.3,overcast clouds
549,Shakawe,BW,2022-07-01 21:16:35,-18.3667,21.85,57.43,50,46,4.36,scattered clouds
550,Burdur,TR,2022-07-01 21:16:36,37.7203,30.2908,65.1,63,0,5.75,clear sky
551,Mantua,IT,2022-07-01 21:12:13,45.1667,10.7833,79.84,72,4,4.03,clear sky
552,Bonfim,BR,2022-07-01 21:16:36,3.0833,-59.95,84.15,73,24,5.46,heavy intensity rain
553,Monserrato,IT,2022-07-01 21:16:36,39.2561,9.1397,80.06,59,0,8.05,clear sky
554,Kailua,US,2022-07-01 21:16:37,21.4022,-157.7394,86.02,73,100,13.8,overcast clouds
555,Hamina,FI,2022-07-01 21:16:37,60.5697,27.1979,70.88,55,100,7.07,overcast clouds
556,Nurota,UZ,2022-07-01 21:16:38,40.5614,65.6886,76.23,20,0,5.01,clear sky
557,Leeton,AU,2022-07-01 21:16:39,-34.5667,146.4,44.89,90,97,6.91,overcast clouds
558,Mizan Teferi,ET,2022-07-01 21:16:39,6.9833,35.5833,59.5,90,89,3.18,overcast clouds
559,Reconquista,AR,2022-07-01 21:16:40,-29.15,-59.65,72.41,67,2,10.8,clear sky
560,Kashi,CN,2022-07-01 21:16:40,39.4547,75.9797,85.21,10,20,2.24,few clouds
561,Kiruna,SE,2022-07-01 21:16:41,67.8557,20.2251,67.12,88,45,3.44,scattered clouds
562,Onega,RU,2022-07-01 21:16:41,63.9061,38.1404,58.89,70,73,5.82,broken clouds
563,Mabaruma,GY,2022-07-01 21:16:42,8.2,-59.7833,78.51,94,70,4.56,broken clouds
564,Halifax,CA,2022-07-01 21:11:55,44.6453,-63.5724,76.69,59,82,5.01,broken clouds
565,Samdari,IN,2022-07-01 21:16:42,25.8167,72.5833,82.53,78,100,7.81,overcast clouds
566,Phangnga,TH,2022-07-01 21:16:42,8.4509,98.5298,75.24,95,100,4.83,light rain
567,Melito Di Porto Salvo,IT,2022-07-01 21:16:43,37.9222,15.7714,86.31,61,20,2.3,few clouds
568,Huntington,US,2022-07-01 21:12:25,38.4193,-82.4452,85.93,78,20,4.61,few clouds
569,Ishinomaki,JP,2022-07-01 21:16:44,38.4167,141.3,77.0,85,3,4.03,clear sky
570,Nha Trang,VN,2022-07-01 21:16:44,12.25,109.1833,82.4,72,100,4.79,overcast clouds
571,Kichera,RU,2022-07-01 21:16:45,55.9375,110.0997,64.72,64,1,3.31,clear sky
572,Grand-Lahou,CI,2022-07-01 21:16:45,5.1367,-5.0242,76.33,83,80,12.24,broken clouds
573,Labuhan,ID,2022-07-01 21:16:46,-6.8844,112.2051,75.7,88,66,7.81,broken clouds
574,Sokolo,ML,2022-07-01 21:16:46,14.7328,-6.1219,89.04,36,94,8.79,overcast clouds
575,Zhigalovo,RU,2022-07-01 21:16:47,54.8097,105.1578,61.12,69,98,1.34,overcast clouds
576,Hay River,CA,2022-07-01 21:15:01,60.8156,-115.7999,66.51,34,42,3.67,scattered clouds
577,Nalut,LY,2022-07-01 21:16:47,30.3333,10.85,96.66,12,31,13.8,scattered clouds
578,Guaymas,MX,2022-07-01 21:16:47,27.9333,-110.9,100.89,62,40,16.11,scattered clouds
579,Qasigiannguit,GL,2022-07-01 21:16:48,68.8193,-51.1922,52.05,86,80,3.51,broken clouds
580,Santa Cruz Cabralia,BR,2022-07-01 21:16:49,-16.2781,-39.0247,71.83,88,40,3.44,scattered clouds
581,West Wendover,US,2022-07-01 21:16:49,40.7391,-114.0733,92.41,14,0,11.5,clear sky
582,Tilichiki,RU,2022-07-01 21:16:50,60.4667,166.1,46.53,90,100,8.46,light rain
583,Bestobe,KZ,2022-07-01 21:16:51,52.4994,73.0975,54.68,78,1,7.65,clear sky
584,Paramirim,BR,2022-07-01 21:16:51,-13.4425,-42.2389,74.91,44,0,7.0,clear sky
585,Impfondo,CG,2022-07-01 21:16:51,1.6381,18.0667,69.93,94,99,2.17,overcast clouds
586,Bacolod,PH,2022-07-01 21:16:52,10.6667,122.95,78.13,81,98,5.61,overcast clouds
587,Manicore,BR,2022-07-01 21:16:53,-5.8092,-61.3003,84.15,74,0,2.3,clear sky
588,Betare Oya,CM,2022-07-01 21:16:53,5.6,14.0833,66.27,97,100,1.41,overcast clouds
589,Kisangani,CD,2022-07-01 21:16:54,0.5167,25.2,70.75,94,86,2.42,overcast clouds
590,Naron,ES,2022-07-01 21:16:55,43.5167,-8.1528,67.05,83,6,9.51,clear sky
591,Kandrian,PG,2022-07-01 21:16:55,-6.2167,149.55,78.78,87,64,5.21,broken clouds
592,Meulaboh,ID,2022-07-01 21:16:56,4.1363,96.1285,74.07,96,100,0.4,overcast clouds
593,Rupert,US,2022-07-01 21:16:56,42.6191,-113.6772,88.18,23,0,9.22,clear sky
594,Nabire,ID,2022-07-01 21:16:57,-3.3667,135.4833,74.82,92,60,3.51,broken clouds
595,Tual,ID,2022-07-01 21:16:57,-5.6667,132.75,80.51,83,99,19.13,overcast clouds
596,Aguas Formosas,BR,2022-07-01 21:16:58,-17.0822,-40.9358,71.71,67,100,2.91,overcast clouds
597,Vanavara,RU,2022-07-01 21:16:58,60.34,102.2797,61.34,91,96,6.13,overcast clouds
598,Sindhnur,IN,2022-07-01 21:17:00,15.7833,76.7667,78.1,73,100,13.06,overcast clouds
599,Shaoguan,CN,2022-07-01 21:17:00,24.8,113.5833,75.6,96,100,3.76,overcast clouds
600,Marzuq,YE,2022-07-01 21:17:01,14.4,46.4667,83.5,44,97,4.59,overcast clouds
601,Ballina,AU,2022-07-01 21:17:01,-28.8667,153.5667,56.01,99,100,10.67,light rain
602,Henties Bay,NA,2022-07-01 21:17:02,-22.116,14.2845,63.61,63,0,4.41,clear sky
603,Abu Dhabi,AE,2022-07-01 21:14:52,24.4667,54.3667,87.96,81,100,9.24,overcast clouds
604,Asfi,MA,2022-07-01 21:17:02,32.2994,-9.2372,68.14,84,0,13.02,clear sky
605,Ituango,CO,2022-07-01 21:17:03,7.1712,-75.764,70.02,93,100,2.64,overcast clouds
606,Whitehorse,CA,2022-07-01 21:15:30,60.7161,-135.0538,77.81,34,75,5.75,smoke
607,Quatre Cocos,MU,2022-07-01 21:17:03,-20.2078,57.7625,67.08,68,97,18.63,overcast clouds
608,Sao Jose Da Coroa Grande,BR,2022-07-01 21:17:04,-8.8978,-35.1478,75.97,90,36,11.23,scattered clouds
609,Rio Gallegos,AR,2022-07-01 21:17:04,-51.6226,-69.2181,32.05,74,0,6.91,clear sky
610,Indianola,US,2022-07-01 21:17:04,41.3581,-93.5574,77.88,77,96,3.38,overcast clouds
611,Bhuj,IN,2022-07-01 21:17:05,23.2667,69.6667,83.34,77,99,14.9,overcast clouds
612,Bonavista,CA,2022-07-01 21:17:05,48.6499,-53.1147,56.07,92,88,14.36,overcast clouds
613,Novokizhinginsk,RU,2022-07-01 21:17:06,51.6115,109.5917,62.24,78,3,2.48,clear sky
614,Tazovskiy,RU,2022-07-01 21:17:06,67.4667,78.7,46.85,72,100,9.89,overcast clouds
615,Ushirombo,TZ,2022-07-01 21:17:06,-3.4919,31.9639,67.57,46,11,2.66,few clouds
616,Albac,RO,2022-07-01 21:17:07,46.45,22.9667,66.22,78,75,2.93,broken clouds
617,Assiniboia,CA,2022-07-01 21:17:07,49.6334,-105.9845,73.22,31,100,8.05,overcast clouds
618,Astaneh-Ye Ashrafiyeh,IR,2022-07-01 21:17:07,37.2596,49.9444,75.13,53,0,6.02,clear sky
619,Seoul,KR,2022-07-01 21:14:27,37.5683,126.9778,74.64,88,100,1.9,overcast clouds
620,Drayton Valley,CA,2022-07-01 21:17:08,53.2168,-114.9854,62.42,84,90,13.02,overcast clouds
621,Katobu,ID,2022-07-01 21:17:08,-4.9408,122.5276,74.01,95,22,3.98,few clouds
622,Mehriz,IR,2022-07-01 21:17:09,31.5917,54.4318,84.7,13,1,2.68,clear sky
623,Standerton,ZA,2022-07-01 21:17:10,-26.9337,29.2415,42.62,34,0,2.35,clear sky
624,Gornopravdinsk,RU,2022-07-01 21:17:10,60.05,69.9,52.63,70,100,6.82,overcast clouds
625,Cururupu,BR,2022-07-01 21:17:11,-1.8283,-44.8683,76.95,85,20,4.16,few clouds
626,Noumea,NC,2022-07-01 21:17:11,-22.2763,166.4572,73.0,99,76,8.97,broken clouds
627,La Romana,DO,2022-07-01 21:17:12,18.4273,-68.9728,88.16,66,40,9.22,scattered clouds
628,Kawambwa,ZM,2022-07-01 21:17:12,-9.7915,29.0791,64.6,54,21,12.46,few clouds
629,Radhanpur,IN,2022-07-01 21:17:13,23.8333,71.6,85.66,70,95,16.02,heavy intensity rain
630,Hokitika,NZ,2022-07-01 21:17:13,-42.7167,170.9667,47.43,87,100,2.84,overcast clouds
631,Kindu,CD,2022-07-01 21:17:14,-2.95,25.95,76.05,61,96,3.04,overcast clouds
632,Oriximina,BR,2022-07-01 21:17:15,-1.7656,-55.8661,81.68,70,99,2.93,overcast clouds
633,Omboue,GA,2022-07-01 21:17:15,-1.5746,9.2618,72.57,88,99,7.31,overcast clouds
634,Goderich,CA,2022-07-01 21:17:15,43.7501,-81.7165,75.9,64,100,5.75,overcast clouds
635,Biltine,TD,2022-07-01 21:17:16,14.5333,20.9167,90.68,26,63,4.23,broken clouds
636,Winslow,US,2022-07-01 21:17:16,35.0242,-110.6974,87.98,25,0,18.41,clear sky
637,Bud,US,2022-07-01 21:17:17,39.447,-86.1758,93.22,50,3,10.89,clear sky
638,La Tuque,CA,2022-07-01 21:17:17,47.4334,-72.7824,66.45,88,99,6.91,very heavy rain
639,Bagan,RU,2022-07-01 21:17:18,54.1001,77.6646,54.45,90,98,9.84,overcast clouds
640,Kavaratti,IN,2022-07-01 21:17:18,10.5669,72.642,82.47,81,100,20.27,overcast clouds
641,Krasnyy Chikoy,RU,2022-07-01 21:17:19,50.3643,108.7512,59.83,93,4,3.31,clear sky
642,Monterey,US,2022-07-01 21:17:20,36.2505,-121.2516,88.18,16,4,11.97,clear sky
643,Eyl,SO,2022-07-01 21:17:20,7.9803,49.8164,78.55,68,59,26.11,broken clouds
644,Oussouye,SN,2022-07-01 21:17:21,12.485,-16.5469,82.58,80,80,8.34,broken clouds
645,Kamuli,UG,2022-07-01 21:17:21,0.9472,33.1197,63.25,94,84,2.33,broken clouds
646,Genhe,CN,2022-07-01 21:17:22,50.7833,121.5167,61.3,91,13,0.63,few clouds
647,Constitucion,CL,2022-07-01 21:17:22,-35.3333,-72.4167,50.76,78,16,9.08,few clouds
648,Illela,NG,2022-07-01 21:17:23,13.7292,5.2975,88.3,46,32,6.11,moderate rain
649,Kathu,TH,2022-07-01 21:17:23,7.9178,98.3332,85.75,87,100,19.66,light rain
650,Nisia Floresta,BR,2022-07-01 21:17:24,-6.0911,-35.2086,82.78,90,10,6.82,light rain
651,Sur,OM,2022-07-01 21:17:24,22.5667,59.5289,87.96,70,100,11.12,overcast clouds
652,Tezu,IN,2022-07-01 21:17:24,27.9167,96.1667,74.68,88,18,2.8,few clouds
653,Tambopata,PE,2022-07-01 21:17:25,-12.7333,-69.1833,85.89,58,20,2.3,few clouds
654,Athens,GR,2022-07-01 21:13:18,37.9795,23.7162,85.24,36,0,20.0,clear sky
655,Siderno,IT,2022-07-01 21:15:00,38.2779,16.302,79.72,51,0,6.02,clear sky
656,Ciudad Bolivar,VE,2022-07-01 21:17:25,8.1222,-63.5497,87.89,59,71,7.07,broken clouds
657,Yelkhovka,RU,2022-07-01 21:17:26,53.8667,50.2832,54.36,91,22,8.16,few clouds
658,Shimoda,JP,2022-07-01 21:16:18,34.6667,138.95,79.11,88,38,7.4,scattered clouds
659,Arlit,NE,2022-07-01 21:17:26,18.7369,7.3853,91.06,24,39,5.08,scattered clouds
660,Pingliang,CN,2022-07-01 21:17:26,35.5392,106.6861,65.41,77,95,1.23,overcast clouds
661,Kuandian,CN,2022-07-01 21:17:27,40.7286,124.7847,69.03,99,100,4.38,overcast clouds
662,Funadhoo,MV,2022-07-01 21:17:27,6.15,73.2667,82.44,78,13,19.91,few clouds
663,Sinjar,IQ,2022-07-01 21:17:28,36.3209,41.8754,85.82,24,0,18.14,clear sky
664,Salta,AR,2022-07-01 21:17:28,-24.7859,-65.4117,77.59,44,0,2.3,clear sky
665,Blairmore,CA,2022-07-01 21:17:29,49.6,-114.4353,74.52,23,38,7.83,scattered clouds
666,Adelaide,AU,2022-07-01 21:15:15,-34.9333,138.6,46.85,83,20,5.75,few clouds
667,Khromtau,KZ,2022-07-01 21:17:29,50.2503,58.4347,58.28,48,3,7.45,clear sky
668,Svetlogorsk,BY,2022-07-01 21:17:30,52.6333,29.7333,63.93,82,98,4.25,overcast clouds
669,Homer,US,2022-07-01 21:17:30,59.6425,-151.5483,65.77,70,75,8.05,broken clouds
670,Emerald,AU,2022-07-01 21:17:30,-23.5333,148.1667,60.94,100,75,5.75,light rain
671,Mangai,CD,2022-07-01 21:17:31,-4.05,19.5333,75.36,43,50,0.56,scattered clouds
672,Etropole,BG,2022-07-01 21:17:31,42.8333,24.0,68.31,57,6,3.02,clear sky
673,Asyut,EG,2022-07-01 21:17:32,27.181,31.1837,86.47,27,0,6.51,clear sky
674,Biloela,AU,2022-07-01 21:17:32,-24.4167,150.5,60.96,97,100,4.5,light rain
675,Sloboda,RU,2022-07-01 21:17:33,51.1421,40.3021,47.43,84,6,9.53,clear sky
676,Esna,EG,2022-07-01 21:17:33,25.2934,32.554,89.33,25,0,8.79,clear sky
677,Portland,US,2022-07-01 21:16:44,45.5234,-122.6762,80.87,59,20,6.91,few clouds
678,Chemainus,CA,2022-07-01 21:17:34,48.9163,-123.7194,75.87,54,40,9.22,scattered clouds
679,Sawtell,AU,2022-07-01 21:17:34,-30.3833,153.1,57.18,100,100,8.05,moderate rain
680,Nadym,RU,2022-07-01 21:17:35,65.5333,72.5167,46.87,59,51,9.44,broken clouds
681,Banjar,ID,2022-07-01 21:17:35,-8.19,114.9675,76.37,90,83,4.05,broken clouds
682,Boende,CD,2022-07-01 21:17:35,-0.2167,20.8667,73.02,86,96,3.91,overcast clouds
683,Sao Joao Dos Patos,BR,2022-07-01 21:15:33,-6.495,-43.7022,83.88,41,94,3.65,overcast clouds
684,Maniitsoq,GL,2022-07-01 21:17:36,65.4167,-52.9,37.35,98,100,14.85,light rain
685,Turochak,RU,2022-07-01 21:17:36,52.2576,87.1224,51.53,96,32,3.8,scattered clouds
686,Lagos,NG,2022-07-01 21:14:15,6.5833,3.75,75.2,90,100,4.23,overcast clouds
687,Walvis Bay,NA,2022-07-01 21:17:37,-22.9575,14.5053,68.85,42,0,7.54,clear sky
688,Erzin,TR,2022-07-01 21:17:37,36.9559,36.2,73.42,87,4,1.88,clear sky
689,Zaozerne,UA,2022-07-01 21:17:38,45.1582,33.2787,72.14,63,0,7.45,clear sky
690,The Valley,AI,2022-07-01 21:17:38,18.217,-63.0578,84.81,70,40,18.41,scattered clouds
691,Vestmanna,FO,2022-07-01 21:17:39,62.1564,-7.1664,49.12,100,100,6.91,overcast clouds
692,Areka,ET,2022-07-01 21:17:39,7.0667,37.7,58.39,85,55,2.01,broken clouds
693,Dibulla,CO,2022-07-01 21:17:40,11.2725,-73.3091,80.94,83,97,1.54,overcast clouds
694,Male,MV,2022-07-01 21:17:40,4.1748,73.5089,81.82,79,54,18.01,broken clouds
695,Opotiki,NZ,2022-07-01 21:17:40,-38.0833,177.2833,40.39,71,0,4.25,clear sky
696,Kalmunai,LK,2022-07-01 21:17:41,7.4167,81.8167,82.0,75,76,2.71,broken clouds
